<?xml version="1.0" ?>
<modification>
	<name>MultiMerch Marketplace</name>
	<code>MultiMerch Marketplace</code>
	<version>2.x</version>
	<author>ocmod.net</author>
	<link>https://ocmod.net/</link>
	<file path="system/engine/loader.php">
		<operation>
			<search><![CDATA[
				$this->registry = $registry;
			]]></search>
			<add position="after"><![CDATA[
				require_once(DIR_SYSTEM . 'library/msloader.php');
				$registry->set('MsLoader', new MsLoader($registry));
			]]></add>
		</operation>
	</file>
	<file path="system/library/customer.php">
			<operation>
				<search><![CDATA[
					public function logout() {
				]]></search>
				<add position="after"><![CDATA[
					unset($this->session->data['multiseller']);
				]]></add>
		</operation>
	</file>
	<file path="catalog/view/theme/*/template/common/header.tpl">
			<operation>
			<search><![CDATA[
				<?php foreach ($scripts as $script) { ?>
			]]></search>
			<add position="before"><![CDATA[
				<script type="text/javascript"> if (!window.console) console = {log: function() {}}; var config_language = <?php echo $dt_language; ?>; </script>
			]]></add>
		</operation>	
	</file>
	<file path="catalog/controller/common/header.php">
		<operation error="log">
			<search><![CDATA[
				public function index() {
			]]></search>
			<add position="after"><![CDATA[
				$data = array_merge($this->load->language('multiseller/multiseller'), isset($data) ? $data : array());
				$data['ms_total_products'] = $this->MsLoader->MsProduct->getTotalProducts(array(
					'enabled' => 1,
					//'product_status' => array(MsProduct::STATUS_ACTIVE),
				));
				
				$data['ms_total_sellers'] = $this->MsLoader->MsSeller->getTotalSellers(array(
					'seller_status' => array(MsSeller::STATUS_ACTIVE) 
				));
				
				$this->MsLoader->MsHelper->addStyle('multiseller');
				
				// note: renamed catalog
				$lang = "view/javascript/multimerch/datatables/lang/" . $this->config->get('config_language') . ".lng";
				$data['dt_language'] = file_exists(DIR_APPLICATION . $lang) ? "'catalog/$lang'" : "undefined";

				// Add complemented common.js
				$this->document->addScript('catalog/view/javascript/ms-common.js');

				$data['ms_seller_created'] = $this->MsLoader->MsSeller->isCustomerSeller($this->customer->getId());
			]]></add>
		</operation>
	</file>
	<file path="catalog/controller/account/login.php">
		<operation error="log">
			<search><![CDATA[
				$this->response->redirect($this->url->link('account/account', '', 'SSL'));
			]]></search>
			<add position="replace"><![CDATA[
				if ($this->MsLoader->MsSeller->isCustomerSeller($this->customer->getId())) {
					$this->response->redirect($this->url->link('seller/account-dashboard', '', 'SSL'));
				} else {
					$this->response->redirect($this->url->link('account/account', '', 'SSL'));
				}
			]]></add>
		</operation>
	</file>
	<file path="catalog/model/account/order.php">
		<operation>
			<search><![CDATA[
				$query = $this->db->query("SELECT o.order_id, o.firstname, o.lastname, os.name as status, o.date_added, o.total, o.currency_code, o.currency_value FROM `" . DB_PREFIX . "order` o LEFT JOIN " . DB_PREFIX . "order_status os ON (o.order_status_id = os.order_status_id) WHERE o.customer_id = '" . (int)$this->customer->getId() . "' AND o.order_status_id > '0' AND o.store_id = '" . (int)$this->config->get('config_store_id') . "' AND os.language_id = '" . (int)$this->config->get('config_language_id') . "' ORDER BY o.order_id DESC LIMIT " . (int)$start . "," . (int)$limit);
			]]></search>
			<add position="replace"><![CDATA[
				$query = $this->db->query("SELECT o.order_id, o.firstname, o.lastname, os.name as status, os.order_status_id, o.date_added, o.total, o.currency_code, o.currency_value FROM `" . DB_PREFIX . "order` o LEFT JOIN " . DB_PREFIX . "order_status os ON (o.order_status_id = os.order_status_id) WHERE o.customer_id = '" . (int)$this->customer->getId() . "' AND o.order_status_id > '0' AND o.store_id = '" . (int)$this->config->get('config_store_id') . "' AND os.language_id = '" . (int)$this->config->get('config_language_id') . "' ORDER BY o.order_id DESC LIMIT " . (int)$start . "," . (int)$limit);
			]]></add>
		</operation>
		<operation>
			<search><![CDATA[
				public function getOrder($order_id) {
			]]></search>
			<add position="replace"><![CDATA[
				public function getOrder($order_id, $type = NULL) {
			]]></add>
		</operation>
		<operation>
			<search><![CDATA[
				$order_query = $this->db->query("SELECT * FROM `" . DB_PREFIX . "order` WHERE order_id = '" . (int)$order_id . "' AND customer_id = '" . (int)$this->customer->getId() . "' AND order_status_id > '0'");
			]]></search>
			<add position="replace"><![CDATA[
				if (empty($type)) {
					$order_query = $this->db->query("SELECT * FROM `" . DB_PREFIX . "order` WHERE order_id = '" . (int)$order_id . "' AND customer_id = '" . (int)$this->customer->getId() . "' AND order_status_id > '0'");
				} elseif($type == 'seller') {
					$order_query = $this->db->query("SELECT * FROM `" . DB_PREFIX . "order` AS o, `" . DB_PREFIX . "ms_order_product_data` AS m WHERE o.order_id = m.order_id AND o.order_id = " . (int)$order_id . " AND m.seller_id = " . (int)$this->customer->getId() . " AND o.order_status_id > '0'");
				}
			]]></add>
		</operation>
	</file>
	<file path="catalog/controller/common/footer.php">
		<operation>
			<search><![CDATA[
				public function index() {
			]]></search>
			<add position="after"><![CDATA[
				$data = array_merge($this->load->language('multiseller/multiseller'), isset($data) ? $data : array());
			]]></add>
		</operation>
	</file>
	<file path="catalog/view/theme/*/template/common/footer.tpl">
		<operation error="skip">
			<search><![CDATA[
			<div id="powered"><?php echo $powered; ?></div>
			]]></search>
			<add position="replace"><![CDATA[
			<div id="powered"><?php echo $powered; ?><?php echo $ms_footer; ?></div>
			]]></add>
		</operation>
	</file>
	<file path="catalog/model/checkout/order.php">
		<operation>
			<search><![CDATA[
				$this->db->query("UPDATE " . DB_PREFIX . "product SET quantity = (quantity - " . (int)$order_product['quantity'] . ") WHERE product_id = '" . (int)$order_product['product_id'] . "' AND subtract = '1'");
			]]></search>
			<add position="after"><![CDATA[
				if ($this->config->get('msconf_disable_product_after_quantity_depleted')) {
					$res = $this->db->query("SELECT quantity FROM " . DB_PREFIX . "product WHERE product_id = '" . (int)$order_product['product_id'] . "'");
					if ((int)$res->row['quantity'] <= 0) {
						$this->MsLoader->MsProduct->changeStatus((int)$order_product['product_id'], MsProduct::STATUS_DISABLED);
						$this->MsLoader->MsProduct->disapprove((int)$order_product['product_id']);
					}
				}
			]]></add>
		</operation>
	</file>
	<file path="admin/model/localisation/language.php">
		<operation>
			<search><![CDATA[
				$language_id = $this->db->getLastId();
			]]></search>
			<add position="after"><![CDATA[
				// MultiMerch Attribute 
				$query = $this->db->query("SELECT * FROM " . DB_PREFIX . "ms_attribute_description WHERE language_id = '" . (int)$this->config->get('config_language_id') . "'");
				foreach ($query->rows as $attribute) {
					$this->db->query("INSERT INTO " . DB_PREFIX . "ms_attribute_description SET attribute_id = '" . (int)$attribute['attribute_id'] . "', language_id = '" . (int)$language_id . "', name = '" . $this->db->escape($attribute['name']) . "', description = '" . $this->db->escape($attribute['description']) . "'");
				}
		
				// MultiMerch Attribute Value 
				$query = $this->db->query("SELECT * FROM " . DB_PREFIX . "ms_attribute_value_description WHERE language_id = '" . (int)$this->config->get('config_language_id') . "'");
				foreach ($query->rows as $attribute_value) {
					$this->db->query("INSERT INTO " . DB_PREFIX . "ms_attribute_value_description SET attribute_id = '" . (int)$attribute_value['attribute_id'] . "', attribute_value_id = '" . (int)$attribute_value['attribute_value_id'] . "', language_id = '" . (int)$language_id . "', name = '" . $this->db->escape($attribute_value['name']) . "'");
				}
				
				// MultiMerch Seller Group 
				$query = $this->db->query("SELECT * FROM " . DB_PREFIX . "ms_seller_group_description WHERE language_id = '" . (int)$this->config->get('config_language_id') . "'");
				foreach ($query->rows as $group) {
					$this->db->query("INSERT INTO " . DB_PREFIX . "ms_seller_group_description SET seller_group_id = '" . (int)$group['seller_group_id'] . "', language_id = '" . (int)$language_id . "', name = '" . $this->db->escape($group['name']) . "', description = '" . $this->db->escape($group['description']) . "'");
				}
			]]></add>
		</operation>
		<operation>
			<search><![CDATA[
				public function deleteLanguage($language_id) {
			]]></search>
			<add position="after"><![CDATA[
				// MultiMerch 
				$this->db->query("DELETE FROM " . DB_PREFIX . "ms_attribute_description WHERE language_id = '" . (int)$language_id . "'");
				$this->db->query("DELETE FROM " . DB_PREFIX . "ms_attribute_value_description WHERE language_id = '" . (int)$language_id . "'");
				$this->db->query("DELETE FROM " . DB_PREFIX . "ms_seller_group_description WHERE language_id = '" . (int)$language_id . "'");
			]]></add>
		</operation>		
	</file>
	<file path="admin/model/{sale,customer}/customer.php">
		<operation error="skip">
			<search><![CDATA[
				public function deleteCustomer($customer_id) {
			]]></search>
			<add position="after"><![CDATA[
				$this->MsLoader->MsSeller->deleteSeller($customer_id);
			]]></add>
		</operation>
	</file>
	<file path="admin/model/catalog/product.php">
		<operation>
			<search><![CDATA[
				public function deleteProduct($product_id) {
			]]></search>
			<add position="after"><![CDATA[
				$this->db->query("DELETE FROM " . DB_PREFIX . "ms_product WHERE product_id = '" . (int)$product_id . "'");
				$this->db->query("DELETE FROM " . DB_PREFIX . "ms_product_attribute WHERE product_id = '" . (int)$product_id . "'");
			]]></add>
		</operation>
	</file>
	<file path="admin/controller/common/header.php">
		<operation>
			<search><![CDATA[
			public function index() {
			]]></search>
			<add position="after"><![CDATA[
			$data = array_merge(isset($data) ? $data : array(), $this->load->language('multiseller/multiseller'));
			$lang = "view/javascript/multimerch/datatables/lang/" . $this->config->get('config_admin_language') . ".lng";
			$data['dt_language'] = file_exists(DIR_APPLICATION . $lang) ? "'$lang'" : "undefined";
			]]></add>
		</operation>
	</file>
	<file path="admin/view/template/common/header.tpl">
		<operation>
			<search><![CDATA[
				</header>
			]]></search>
			<add position="after"><![CDATA[
				<?php if (!class_exists('ControllerMultisellerBase')) { ?>
				<div class="alert alert-warning" style="margin: 10px auto; width: 90%;"><i class="fa fa-exclamation-circle"></i> MultiMerch Core Class not found. Before proceeding with the installation, please make sure that:
					<ul>
						<li>You're <a target="_blank" href="http://multimerch.com/docs/installation/">following the MultiMerch installation guide</a> and all MultiMerch files have been uploaded correctly.</li>
					</ul>
				</div>
				<?php } ?>

				<?php $this->load->model('multiseller/upgrade'); ?>
			
				<?php if ($this->MsLoader->MsHelper->isInstalled() && !$this->model_multiseller_upgrade->isDbLatest()) { ?>
					<div class="alert-warning" style="text-align:center; margin: 10px"><?php echo sprintf($this->language->get('ms_db_upgrade'), $this->url->link('module/multiseller/upgradeDb', 'token=' . $this->session->data['token'], 'SSL')); ?></div>
				<?php } ?>
				
				<?php if (isset($this->session->data['ms_db_latest'])) { ?>
					<div class="alert-success" style="text-align:center; margin: 10px"><?php echo $this->session->data['ms_db_latest']; ?></div>
					<?php unset($this->session->data['ms_db_latest']); ?>
				<?php } ?>
			]]></add>
		</operation>
		<operation>
			<search><![CDATA[
				<?php foreach ($scripts as $script) { ?>
			]]></search>
			<add position="before"><![CDATA[
				<?php global $config; $this->config = $config; ?>
				<script type="text/javascript"> if (!window.console) console = {log: function() {}}; var msGlobals = { config_admin_limit: '<?php echo $this->config->get('config_admin_limit'); ?>', config_language: <?php echo $dt_language; ?> }; </script>
			]]></add>
		</operation>
	</file>
	<file path="admin/controller/common/menu.php">
		<operation>
			<search><![CDATA[
			public function index() {
			]]></search>
			<add position="after"><![CDATA[
			$data = array_merge(isset($data) ? $data : array(), $this->load->language('multiseller/multiseller'));
			]]></add>
		</operation>
	</file>	
	<file path="admin/view/template/common/menu.tpl">
		<operation>
			<search><![CDATA[
			<?php echo $report_affiliate_activity; ?>
			]]></search>
			<add position="after" offset="4"><![CDATA[
				<li id="multimerch"><a class="parent"><i class="fa fa-users fa-fw"></i> <span><?php echo $ms_menu_multiseller; ?></span></a>
					<ul>
						<li><a href="<?php echo $this->url->link('multiseller/seller', 'token=' . $this->session->data['token'], 'SSL'); ?>"><?php echo $ms_menu_sellers; ?></a></li>
						<li><a href="<?php echo $this->url->link('multiseller/seller-group', 'token=' . $this->session->data['token'], 'SSL'); ?>"><?php echo $ms_menu_seller_groups; ?></a></li>
						<li><a href="<?php echo $this->url->link('multiseller/attribute', 'token=' . $this->session->data['token'], 'SSL'); ?>"><?php echo $ms_menu_attributes; ?></a></li>
						<li><a href="<?php echo $this->url->link('multiseller/product', 'token=' . $this->session->data['token'], 'SSL'); ?>"><?php echo $ms_menu_products; ?></a></li>
						<li><a href="<?php echo $this->url->link('multiseller/payment', 'token=' . $this->session->data['token'], 'SSL'); ?>"><?php echo $ms_menu_payment; ?></a></li>
						<li><a href="<?php echo $this->url->link('multiseller/transaction', 'token=' . $this->session->data['token'], 'SSL'); ?>"><?php echo $ms_menu_transactions; ?></a></li>
						<li><a href="<?php echo $this->url->link('module/multiseller', 'token=' . $this->session->data['token'], 'SSL'); ?>"><?php echo $ms_menu_settings; ?></a></li>	
					</ul>
				</li>
			]]></add>
		</operation>
	</file>
	<file path="admin/controller/sale/order.php">
		<operation>
			<search><![CDATA[
			foreach ($products as $product) {
			]]></search>
			<add position="after"><![CDATA[
			$this->language->load('multiseller/multiseller');
			$data['column_seller'] = $this->language->get('ms_seller');
			// todo check
			$seller = $this->MsLoader->MsSeller->getSeller(
				$this->MsLoader->MsProduct->getSellerId($product['product_id']),
				array(
					'product_id' => $product['product_id']
				)
			);
			]]></add>
		</operation>	
		<operation>
			<search><![CDATA[
			$data['products'][] = array(
			]]></search>
			<add position="after"><![CDATA[
			'seller' => array(
				'seller_id' => isset($seller['seller_id']) ? $seller['seller_id'] : '',
				'nickname' => isset($seller['ms.nickname']) ? $seller['ms.nickname'] : ''
			),
			]]></add>
		</operation>
		<operation>
			<search><![CDATA[
			'product_id' => $product['product_id'],
			]]></search>
			<add position="before"><![CDATA[
			'seller' => array(
				'seller_id' => isset($seller['seller_id']) ? $seller['seller_id'] : '',
				'nickname' => isset($seller['ms.nickname']) ? $seller['ms.nickname'] : ''
			),
			]]></add>
		</operation>
		<operation>
			<search><![CDATA[
			$data['histories'] = array();
			]]></search>
			<add position="after"><![CDATA[
			$data['seller_histories'] = array();
			$suborders = $this->MsLoader->MsOrderData->getSuborders(array(
				'order_id' => $this->request->get['order_id']
			));

			foreach ($suborders as $sub) {
				$suborder_histories = array();

				$seller = $this->MsLoader->MsSeller->getSellers(array(
					'seller_id' => $sub['seller_id'],
					'single' => 1
				));
				$histories = $this->MsLoader->MsOrderData->getSuborderHistory(array(
					'suborder_id' => $sub['suborder_id']
				));
				foreach ($histories as $h) {
					$suborder_histories[] = array(
						'date_added' => date($this->language->get('date_format_short'), strtotime($h['date_added'])),
						'status'     => $this->MsLoader->MsHelper->getStatusName(array('order_status_id' => $h['order_status_id'])),
						'comment'    => $h['comment']
					);
				}
				$data['seller_histories'][$sub['seller_id']] = array(
					'seller' => $seller[0]['ms.nickname'],
					'entries' => $suborder_histories
				);
			}
			]]></add>
		</operation>
	</file>
	<file path="admin/view/template/sale/order_info.tpl">
		<operation>
			<search><![CDATA[
			<td class="text-left"><?php echo $column_product; ?>
			]]></search>
			<add position="before"><![CDATA[
			<td class="text-left"><?php echo $column_seller; ?></td>
			]]></add>
		</operation>	
		<operation>
			<search><![CDATA[
			<td class="text-left"><a href="<?php echo $product['href']; ?>"><?php echo $product['name']; ?></a>
			]]></search>
			<add position="before"><![CDATA[
			<td class="text-left"><?php if (!empty($product['seller']['seller_id'])) { ?><a href="<?php echo $this->url->link('multiseller/seller/update', 'token=' . $this->session->data['token'] . '&seller_id=' . $product['seller']['seller_id'], 'SSL');?>"><?php echo $product['seller']['nickname']; ?></a> <?php } ?></td>
			]]></add>
		</operation>
		<operation>
			<search><![CDATA[
			<td colspan="4" class="text-right"><?php echo $totals['title']; ?>:</td>
			]]></search>
			<add position="replace"><![CDATA[
			<td colspan="5" class="text-right"><?php echo $totals['title']; ?>:</td>
			]]></add>
		</operation>
	</file>
	<file path="admin/view/template/sale/order_history.tpl">
		<operation>
			<search><![CDATA[
			<div class="col-sm-6 text-right"><?php echo $results; ?></div>
			]]></search>
			<add position="after" offset="1"><![CDATA[
			<?php if (isset($seller_histories) && $seller_histories) { ?>
			<?php foreach ($seller_histories as $history) { ?>
				<h4><?php echo $history['seller']; ?></h4>
				<table class="table table-bordered">
				<thead>
				<tr>
				<td class="text-left"><?php echo $column_date_added; ?></td>
				<td class="text-left"><?php echo $column_comment; ?></td>
				<td class="text-left"><?php echo $column_status; ?></td>
				<td class="text-left"><?php echo $column_notify; ?></td>
				</tr>
				</thead>
				<tbody>
				<?php foreach ($history['entries'] as $history) { ?>
					<tr>
					<td class="text-left"><?php echo $history['date_added']; ?></td>
					<td class="text-left"><?php echo $history['comment']; ?></td>
					<td class="text-left"><?php echo $history['status']; ?></td>
					<td class="text-left"></td>
					</tr>
				<?php } ?>
				</tbody>
				</table>
			<?php } ?>
			<?php } ?>
			]]></add>
		</operation>
	</file>
	<file path="admin/view/template/marketing/contact.tpl">
		<operation>
			<search><![CDATA[
				<option value="affiliate"><?php echo $text_affiliate; ?></option>
			]]></search>
			<add position="after"><![CDATA[
				<option value="seller_all"><?php echo $text_seller_all; ?></option>
			]]></add>
		</operation>
	</file>
	<file path="admin/controller/marketing/contact.php">
		<operation>
			<search><![CDATA[
				$data['cancel'] = $this->url->link('marketing/contact', 'token=' . $this->session->data['token'], 'SSL');
			]]></search>
			<add position="after"><![CDATA[
				$this->language->load('multiseller/multiseller');
				$data['text_seller_all'] = $this->language->get('ms_all_sellers');
			]]></add>
		</operation>
		<operation>
			<search><![CDATA[
				case 'product':
			]]></search>
			<add position="before"><![CDATA[
				case 'seller_all':
					$email_total = $this->MsLoader->MsSeller->getTotalSellers(array(
						'seller_status' => array(MsSeller::STATUS_ACTIVE)
					));
					
					$results = $this->MsLoader->MsSeller->getSellers(
						array(
							'seller_status' => array(MsSeller::STATUS_ACTIVE)
						),
						array(
							'order_by'	=> 'ms.nickname',
							'order_way'	=> 'ASC',
							'offset'		=> ($page - 1) * 10,
							'limit'		=> 10,
						)
					);
					
					foreach ($results as $result) {
						$emails[] = $result['c.email'];
					}
					break;
			]]></add>
		</operation>
	</file>
	<file path="catalog/model/catalog/product.php">
		<operation>
			<search index="0"><![CDATA[
				return $query->row['total'];
			]]></search>
			<add position="before" offset="2"><![CDATA[
				$sql_disable = "SELECT p.product_id as 'product_id'";
				
				/* Filters */
				if (!empty($data['filter_category_id'])) {
					if (!empty($data['filter_sub_category'])) {
						$sql_disable .= " FROM " . DB_PREFIX . "category_path cp LEFT JOIN " . DB_PREFIX . "product_to_category p2c ON (cp.category_id = p2c.category_id)";	
					} else {
						$sql_disable .= " FROM " . DB_PREFIX . "product_to_category p2c";
					}
					if (!empty($data['filter_filter'])) {
						$sql_disable .= " LEFT JOIN " . DB_PREFIX . "product_filter pf ON (p2c.product_id = pf.product_id) LEFT JOIN " . DB_PREFIX . "product p ON (pf.product_id = p.product_id)";
					} else {
						$sql_disable .= " LEFT JOIN " . DB_PREFIX . "product p ON (p2c.product_id = p.product_id)";
					}
				} else {
					$sql_disable .= " FROM " . DB_PREFIX . "product p";
				}
				
				$sql_disable .= " LEFT JOIN `" . DB_PREFIX . "ms_product` mp ON (p.product_id = mp.product_id)";
				
				$sql_disable .= " LEFT JOIN " . DB_PREFIX . "product_description pd ON (p.product_id = pd.product_id) LEFT JOIN " . DB_PREFIX . "product_to_store p2s ON (p.product_id = p2s.product_id) WHERE pd.language_id = '" . (int)$this->config->get('config_language_id') . "' AND p.status = '1' AND p.date_available <= NOW() AND p2s.store_id = '" . (int)$this->config->get('config_store_id') . "'";
				
				if (!empty($data['filter_category_id'])) {
					if (!empty($data['filter_sub_category'])) {
						$sql_disable .= " AND cp.path_id = '" . (int)$data['filter_category_id'] . "'";
					} else {
						$sql_disable .= " AND p2c.category_id = '" . (int)$data['filter_category_id'] . "'";
					}
					
					if (!empty($data['filter_filter'])) {
						$implode = array();
						
						$filters = explode(',', $data['filter_filter']);
						
						foreach ($filters as $filter_id) {
							$implode[] = (int)$filter_id;
						}
						
						$sql_disable .= " AND pf.filter_id IN (" . implode(',', $implode) . ")";
					}
				}
				
				if (!empty($data['filter_name']) || !empty($data['filter_tag'])) {
					$sql_disable .= " AND (";
					
					if (!empty($data['filter_name'])) {
						$implode = array();
						
						$words = explode(' ', trim(preg_replace('/\s\s+/', ' ', $data['filter_name'])));
						
						foreach ($words as $word) {
							$implode[] = "pd.name LIKE '%" . $this->db->escape($word) . "%'";
						}
						
						if ($implode) {
							$sql_disable .= " " . implode(" AND ", $implode) . "";
						}

						if (!empty($data['filter_description'])) {
							$sql_disable .= " OR pd.description LIKE '%" . $this->db->escape($data['filter_name']) . "%'";
						}
					}
					
					if (!empty($data['filter_name']) && !empty($data['filter_tag'])) {
						$sql_disable .= " OR ";
					}
					
					if (!empty($data['filter_tag'])) {
						$sql_disable .= "pd.tag LIKE '%" . $this->db->escape(utf8_strtolower($data['filter_tag'])) . "%'";
					}
				
					if (!empty($data['filter_name'])) {
						$sql_disable .= " OR LCASE(p.model) = '" . $this->db->escape(utf8_strtolower($data['filter_name'])) . "'";
					}
					
					if (!empty($data['filter_name'])) {
						$sql_disable .= " OR LCASE(p.sku) = '" . $this->db->escape(utf8_strtolower($data['filter_name'])) . "'";
					}
					
					if (!empty($data['filter_name'])) {
						$sql_disable .= " OR LCASE(p.upc) = '" . $this->db->escape(utf8_strtolower($data['filter_name'])) . "'";
					}

					if (!empty($data['filter_name'])) {
						$sql_disable .= " OR LCASE(p.ean) = '" . $this->db->escape(utf8_strtolower($data['filter_name'])) . "'";
					}

					if (!empty($data['filter_name'])) {
						$sql_disable .= " OR LCASE(p.jan) = '" . $this->db->escape(utf8_strtolower($data['filter_name'])) . "'";
					}
					
					if (!empty($data['filter_name'])) {
						$sql_disable .= " OR LCASE(p.isbn) = '" . $this->db->escape(utf8_strtolower($data['filter_name'])) . "'";
					}
					
					if (!empty($data['filter_name'])) {
						$sql_disable .= " OR LCASE(p.mpn) = '" . $this->db->escape(utf8_strtolower($data['filter_name'])) . "'";
					}
					
					$sql_disable .= ")";
				}
				if (!empty($data['filter_manufacturer_id'])) {
					$sql_disable .= " AND p.manufacturer_id = '" . (int)$data['filter_manufacturer_id'] . "'";
				}
				$this->language->load('multiseller/multiseller');
				
				$sql_disable .= " AND mp.list_until < NOW() AND p.status = 1";
				
				$res_disable = $this->db->query($sql_disable);
				
				if ($res_disable->num_rows) {
					foreach ($res_disable->rows as $product) {
						$this->MsLoader->MsProduct->changeStatus((int)$product['product_id'], MsProduct::STATUS_DISABLED);
						$this->MsLoader->MsProduct->disapprove((int)$product['product_id']);
						
						$seller_id = $this->MsLoader->MsProduct->getSellerId((int)$product['product_id']);
						$mail = array(
							'recipients' => $this->MsLoader->MsSeller->getSellerEmail($seller_id),
							'addressee' => $this->MsLoader->MsSeller->getSellerName($seller_id),
							'seller_id' => $seller_id,
							'product_id' => (int)$product['product_id']
						);
						$this->MsLoader->MsMail->sendMail(MsMail::SMT_REMIND_LISTING, $mail);
					}
				}
			]]></add>
		</operation>
	</file>
	<file path="catalog/model/catalog/manufacturer.php">
		<operation error="log">
			<search><![CDATA[
				$sql = "SELECT * FROM " . DB_PREFIX . "manufacturer m LEFT JOIN " . DB_PREFIX . "manufacturer_to_store m2s ON (m.manufacturer_id = m2s.manufacturer_id) WHERE m2s.store_id = '" . (int)$this->config->get('config_store_id') . "'";
			]]></search>
			<add position="after"><![CDATA[
				if (!empty($data['filter_name'])) {
					$sql .= " AND name LIKE '" . $this->db->escape($data['filter_name']) . "%'";
				}
			]]></add>
		</operation>
	</file>
	<file path="system/engine/loader.php">
		<operation>
			<search><![CDATA[
				final class Loader {
			]]></search>
			<add position="after"><![CDATA[
				public function __get($key) {
					return $this->registry->get($key);
				}

				public function __set($key, $value) {
					$this->registry->set($key, $value);
				}
			]]></add>
		</operation>
	</file>
	<file path="catalog/view/theme/*/template/product/product.tpl">
		<operation>
			<search index="0"><![CDATA[
			<div class="rating">
			]]></search>
			<add position="before" offset="1"><![CDATA[
			<?php if (isset($seller) && !empty($seller)) { ?>
			<hr />
			<div class="ms-sellerprofile description">
				<h3><?php echo $ms_catalog_product_sellerinfo; ?></h3>
				<div class="seller-data">
					<div class="avatar-box">
						<a href="<?php echo $seller['href']; ?>"><img src="<?php echo $seller['thumb']; ?>" /></a>
					</div>
					<div class="info-box">
					<ul class="list-unstyled">
						<li><a class="nickname" style="text-decoration: none" href="<?php echo $seller['href']; ?>"><b><?php echo $seller['nickname']; ?></b></a></li>
						<?php if ($seller['country']) { ?>
							<li><?php echo $ms_catalog_seller_profile_country; ?></b> <?php echo $seller['country']; ?></li>
						<?php } ?>

						<?php if ($seller['zone']) { ?>
							<li><?php echo $ms_catalog_seller_profile_zone; ?></b> <?php echo $seller['zone']; ?></li>
						<?php } ?>

						<?php if ($seller['company']) { ?>
							<li><?php echo $ms_catalog_seller_profile_company; ?></b> <?php echo $seller['company']; ?></li>
						<?php } ?>

						<?php if ($seller['website']) { ?>
							<li><?php echo $ms_catalog_seller_profile_website; ?></b> <?php echo $seller['website']; ?></li>
						<?php } ?>

						<li><?php echo $ms_catalog_seller_profile_totalsales; ?></b> <?php echo $seller['total_sales']; ?></li>
						<li><?php echo $ms_catalog_seller_profile_totalproducts; ?></b> <?php echo $seller['total_products']; ?></li>
						<?php if ($this->config->get('mmess_conf_enable') || $this->config->get('msconf_enable_private_messaging') == 2) { ?>
							<?php if ((!$this->customer->getId()) || ($this->customer->getId() != $seller['seller_id'])) { ?>
								<?php echo $contactForm; ?>
								<div class="contact">
									<?php if ($this->customer->getId()) { ?>
									  <div class="button-group">
										<button type="button" class="btn btn-default btn-block ms-sellercontact" data-toggle="modal" data-target="#contactDialog"><span><?php echo $ms_catalog_product_contact; ?></span></button>
									  </div>
									<?php } else { ?>
										<?php echo sprintf($this->language->get('ms_sellercontact_signin'), $this->url->link('account/login', '', 'SSL'), $seller['nickname']); ?>
									<?php } ?>
								</div>
							<?php } ?>
						<?php } ?>
					</ul>
					</div>
				</div>
				<!-- end sellerinfo -->
			</div>
			<hr />
			<!-- end seller block -->
			<?php } ?>
			]]></add>
		</operation>
		<operation>
			<search><![CDATA[
				<li class="active"><a href="#tab-description" data-toggle="tab"><?php echo $tab_description; ?></a></li>
			]]></search>
			<add position="after"><![CDATA[
				<?php foreach ($ms_product_attributes as $attribute) { ?>
					<?php if(is_array($attribute['values']) && implode($attribute['values']) != '' && (isset($attribute['tab_display']) && $attribute['tab_display'])) { ?>
					<li><a data-toggle="tab" href="#tab-attribute-<?php echo $attribute['attribute_id']; ?>"><?php echo $attribute['name'] ?></a></li>
					<?php } ?>
				<?php } ?>
			]]></add>
		</operation>
		<operation>
			<search><![CDATA[
				<div class="tab-pane" id="tab-specification">
			]]></search>
			<add position="before" offset="1"><![CDATA[
				<?php foreach ($ms_product_attributes as $attribute) { ?>
					<?php if(isset($attribute['tab_display']) && $attribute['tab_display']) { ?>
					<div id="tab-attribute-<?php echo $attribute['attribute_id']; ?>" class="tab-pane">
						<?php echo implode(',',$attribute['values']); ?>
					</div>
					<?php } ?>
				<?php } ?>
			]]></add>
		</operation>
		<operation>
			<search error="skip"><![CDATA[
				<li><?php echo $text_stock; ?> <?php echo $stock; ?></li>
			]]></search>
			<add position="after"><![CDATA[
				<?php if ($this->config->get('msconf_attribute_display') != 1) { ?>
				<?php foreach ($ms_product_attributes as $attribute) { ?>
					<?php if(is_array($attribute['values']) && implode($attribute['values']) != '' && (!isset($attribute['tab_display']) || !$attribute['tab_display'])) { ?>
						<?php if ($attribute['attribute_type'] == MsAttribute::TYPE_IMAGE) { ?>
							<?php $attribute['image'] = (!empty($attribute['image']) ? $this->MsLoader->MsFile->resizeImage($attribute['image'], 50, 50) : $this->MsLoader->MsFile->resizeImage('no_image.png', 50, 50)); ?>
							<li><?php echo $attribute['name']; ?>: <?php echo implode(',',$attribute['values']); ?></li>
							<img src="<?php echo $attribute['image']; ?>" style="vertical-align: middle; padding: 1px; border: 1px solid #DDDDDD; margin-bottom: 10px" />
							<br />
						<?php } else { ?>
							<li><?php echo $attribute['name']; ?>:</span> <?php echo implode(',',$attribute['values']); ?></li>
						<?php } ?>
					<?php } ?>
				<?php } ?>
				<?php } ?>
			]]></add>
		</operation>
		<operation>
			<search error="skip"><![CDATA[
				<?php if ($attribute_groups) { ?>
			]]></search>
			<add position="replace"><![CDATA[
				<?php if ($this->config->get('msconf_attribute_display') != 0 && $attribute_groups) { ?>
			]]></add>
		</operation>
	</file>

	<file path="catalog/controller/product/product.php">
		<operation>
			<search><![CDATA[
			if ($product_info) {
			]]></search>
			<add position="after"><![CDATA[
			$this->document->addScript('catalog/view/javascript/dialog-sellercontact.js');
			$this->document->addStyle('catalog/view/theme/' . $this->config->get('config_template') . '/stylesheet/multiseller.css');
			$data = array_merge($data, $this->load->language('multiseller/multiseller'));
			$this->load->model('localisation/country');
			$this->load->model('localisation/zone');
			$this->load->model('tool/image');

			$seller_id = $this->MsLoader->MsProduct->getSellerId($this->request->get['product_id']);
			$seller = $this->MsLoader->MsSeller->getSeller($seller_id);

			if (!$seller) {
				$data['seller'] = NULL;
			} else {
				$data['seller'] = array();
				if (!empty($seller['ms.avatar'])) {
					$data['seller']['thumb'] = $this->MsLoader->MsFile->resizeImage($seller['ms.avatar'], $this->config->get('msconf_seller_avatar_product_page_image_width'), $this->config->get('msconf_seller_avatar_product_page_image_height'));
				} else {
					$data['seller']['thumb'] = $this->MsLoader->MsFile->resizeImage('ms_no_image.jpg', $this->config->get('msconf_seller_avatar_product_page_image_width'), $this->config->get('msconf_seller_avatar_product_page_image_height'));
				}
					
				$country = $this->model_localisation_country->getCountry($seller['ms.country_id']);
				
				if (!empty($country)) {
					$data['seller']['country'] = $country['name'];
				} else {
					$data['seller']['country'] = NULL;
				}
				
				$zone = $this->model_localisation_zone->getZone($seller['ms.zone_id']);
				
				if (!empty($zone)) {			
					$data['seller']['zone'] = $zone['name'];
				} else {
					$data['seller']['zone'] = NULL;
				}
				
				if (!empty($seller['ms.company'])) {
					$data['seller']['company'] = $seller['ms.company'];
				} else {
					$data['seller']['company'] = NULL;
				}
				
				if (!empty($seller['ms.website'])) {
					$data['seller']['website'] = $seller['ms.website'];
				} else {
					$data['seller']['website'] = NULL;
				}
				
				$data['seller']['nickname'] = $seller['ms.nickname'];
				$data['seller']['seller_id'] = $seller['seller_id'];
				 
				$data['seller']['href'] = $this->url->link('seller/catalog-seller/profile', 'seller_id=' . $seller['seller_id']);
				
				$data['seller']['total_sales'] = $this->MsLoader->MsSeller->getSalesForSeller($seller['seller_id']);
				$data['seller']['total_products'] = $this->MsLoader->MsProduct->getTotalProducts(array(
					'seller_id' => $seller['seller_id'],
					'product_status' => array(MsProduct::STATUS_ACTIVE)
				));

				$data['contactForm'] = $this->MsLoader->MsHelper->renderPmDialog($data);
			}

			$data['ms_product_attributes'] = $this->MsLoader->MsAttribute->getProductAttributes($this->request->get['product_id'], array('multilang' => 0, 'attribute_type'=> array(MsAttribute::TYPE_TEXT, MsAttribute::TYPE_TEXTAREA, MsAttribute::TYPE_DATE, MsAttribute::TYPE_DATETIME, MsAttribute::TYPE_TIME), 'mavd.language_id' => 0));
			$data['ms_product_attributes'] = array_merge($data['ms_product_attributes'], $this->MsLoader->MsAttribute->getProductAttributes($this->request->get['product_id'], (array())));
			]]></add>
		</operation>
	</file>
	<file path="catalog/controller/checkout/cart.php">
		<operation error="log">
			<search><![CDATA[
				$data['products'][] = array(
			]]></search>
			<add position="after"><![CDATA[
				'product_id' => $product['product_id'],
			]]></add>
		</operation>
	</file>
	<file path="catalog/view/theme/*/template/checkout/cart.tpl">
		<operation error="log">
			<search><![CDATA[
				<a href="<?php echo $product['href']; ?>"><?php echo $product['name']; ?></a>
			]]></search>
			<add position="after"><![CDATA[
				<?php
					$this->load->language('multiseller/multiseller');
					$seller = $this->MsLoader->MsSeller->getSeller($this->MsLoader->MsProduct->getSellerId($product['product_id']));
					if ($seller) {
						echo "<span class='ms-by-seller'>" . $this->language->get('ms_by') . " <a href='". $this->url->link('seller/catalog-seller/profile', 'seller_id=' . $seller['seller_id']) ."'>{$seller['ms.nickname']}</a>";
					}
				?>
			]]></add>
		</operation>
	</file>
	<file path="catalog/view/theme/*/template/checkout/confirm.tpl">
		<operation error="log">
			<search><![CDATA[
				<a href="<?php echo $product['href']; ?>"><?php echo $product['name']; ?></a>
			]]></search>
			<add position="after"><![CDATA[
				<?php
					$this->load->language('multiseller/multiseller');
					$seller = $this->MsLoader->MsSeller->getSeller($this->MsLoader->MsProduct->getSellerId($product['product_id']));
					// @todo shipping edition not installed
					if ($seller/* && $this->MsLoader->dist != "SE"*/) {
						echo "<span class='ms-by-seller'>" . $this->language->get('ms_by') . " <a href='". $this->url->link('seller/catalog-seller/profile', 'seller_id=' . $seller['seller_id']) ."'>{$seller['ms.nickname']}</a>";
					}
				?>
			]]></add>
		</operation>
	</file>	
	<file path="catalog/controller/common/cart.php">
		<operation error="log">
			<search><![CDATA[
			$data['products'][] = array(
			]]></search>
			<add position="after"><![CDATA[
				'product_id' => $product['product_id'],
			]]></add>
		</operation>
	</file>
	<file path="catalog/view/theme/*/template/common/cart.tpl">
		<operation error="log">
			<search><![CDATA[
				<a href="<?php echo $product['href']; ?>"><?php echo $product['name']; ?></a>
			]]></search>
			<add position="after"><![CDATA[
			<?php
				$this->load->language('multiseller/multiseller');
				$seller = $this->MsLoader->MsSeller->getSeller($this->MsLoader->MsProduct->getSellerId($product['product_id']));
				if ($seller) {
					echo "<span class='ms-by-seller'>" . $this->language->get('ms_by') . " <a href='". $this->url->link('seller/catalog-seller/profile', 'seller_id=' . $seller['seller_id']) ."'>{$seller['ms.nickname']}</a>";
				}
			?>
			]]></add>
		</operation>
	</file>
	<file path="catalog/model/checkout/order.php">
		<operation error="log">
			<search><![CDATA[
				$data['products'][] = array(
			]]></search>
			<add position="before"><![CDATA[
				$this->load->language('multiseller/multiseller');
				$seller = $this->MsLoader->MsSeller->getSeller($this->MsLoader->MsProduct->getSellerId($product['product_id']));
			]]></add>
		</operation>
		<operation error="log">
			<search><![CDATA[
				$data['products'][] = array(
			]]></search>
			<add position="after"><![CDATA[
				'product_id' => $product['product_id'],
				'seller_text' => $seller ? "<br/ > " . $this->language->get('ms_by') . " {$seller['ms.nickname']} <br />" : '',
			]]></add>
		</operation>
	</file>
	<file path="catalog/view/theme/*/template/mail/order.tpl">
		<operation error="log">
			<search><![CDATA[
				<td style="font-size: 12px;	border-right: 1px solid #DDDDDD; border-bottom: 1px solid #DDDDDD; text-align: left; padding: 7px;"><?php echo $product['name']; ?>
			]]></search>
			<add position="after"><![CDATA[
				<?php echo $product['seller_text']; ?>
			]]></add>
		</operation>
	</file>
	<file path="catalog/controller/account/order.php">
		<operation error="log">
			<search><![CDATA[
				$order_id = 0;
			]]></search>
			<add position="after" offset="2"><![CDATA[
				$this->load->model('localisation/order_status');
				$data['order_statuses'] = $this->model_localisation_order_status->getOrderStatuses();
			]]></add>
		</operation>
		<operation error="log">
			<search><![CDATA[
				foreach ($products as $product) {
			]]></search>
			<add position="after"><![CDATA[
				$seller_id = $this->MsLoader->MsProduct->getSellerId($product['product_id']);
				$suborder = $this->MsLoader->MsOrderData->getSuborders(array(
					'order_id' => $order_id,
					'seller_id' => $seller_id,
					'single' => 1
				));

				$suborder_status = $suborder['order_status_id'] ? $suborder['order_status_id'] : $order_info['order_status_id'];
				foreach ($data['order_statuses'] as $order_status) {
					if ($order_status['order_status_id'] == $suborder_status) $suborder_status_text = $suborder['order_status_id'] ? $order_status['name'] : "<i>${order_status['name']}</i>";
				}
			]]></add>
		</operation>
		<operation error="log">
			<search><![CDATA[
			$data['products'][] = array(
			]]></search>
			<add position="after"><![CDATA[
				'product_id' => $product['product_id'],
				'suborder_status_id' => $suborder['order_status_id'],
				'order_status_id' => $order_info['order_status_id'],
				'suborder_status_text' => $suborder_status_text,
			]]></add>
		</operation>
		<operation error="log">
			<search><![CDATA[
			$data['histories'] = array();
			]]></search>
			<add position="after"><![CDATA[
			$data['seller_histories'] = array();
			$suborders = $this->MsLoader->MsOrderData->getSuborders(array(
				'order_id' => $this->request->get['order_id']
			));

			foreach ($suborders as $sub) {
				$suborder_histories = array();

				$seller = $this->MsLoader->MsSeller->getSellers(array(
					'seller_id' => $sub['seller_id'],
					'single' => 1
				));

				// fetch histories
				$histories = $this->MsLoader->MsOrderData->getSuborderHistory(array(
					'suborder_id' => $sub['suborder_id']
				));

				// format histories
				foreach ($histories as $h) {
					$suborder_histories[] = array(
						'date_added' => date($this->language->get('date_format_short'), strtotime($h['date_added'])),
						'status'     => $this->MsLoader->MsHelper->getStatusName(array('order_status_id' => $h['order_status_id'])),
						'comment'    => $h['comment']
					);
				}

				// assign histories
				$data['seller_histories'][$sub['seller_id']] = array(
					'seller' => $seller[0]['ms.nickname'],
					'entries' => $suborder_histories
				);
			}
			]]></add>
		</operation>
	</file>
	<file path="catalog/view/theme/*/template/account/order_info.tpl">
		<operation error="log">
			<search><![CDATA[
				<td class="text-left"><?php echo $product['name']; ?>
			]]></search>
			<add position="after"><![CDATA[
			<?php
				$this->load->language('multiseller/multiseller');
				$seller = $this->MsLoader->MsSeller->getSeller($this->MsLoader->MsProduct->getSellerId($product['product_id']));
				if ($seller) {
					echo "<span class='ms-by-seller'>" . $this->language->get('ms_by') . " <a href='". $this->url->link('seller/catalog-seller/profile', 'seller_id=' . $seller['seller_id']) ."'>{$seller['ms.nickname']}</a>";
				}
			?>
			]]></add>
		</operation>
		<operation error="log">
			<search><![CDATA[
				<td class="text-left"><?php echo $product['model']; ?></td>
			]]></search>
			<add position="after"><![CDATA[
				<td>
					<?php echo $product['suborder_status_text']; ?>
				</td>
			]]></add>
		</operation>
		<operation error="log">
			<search><![CDATA[
				<td class="text-left"><?php echo $column_model; ?></td>
			]]></search>
			<add position="after"><![CDATA[
				<td><?php echo $this->language->get('ms_status'); ?></td>
			]]></add>
		</operation>
		<operation error="log">
			<search><![CDATA[
				<div class="buttons
			]]></search>
			<add position="before"><![CDATA[
				<?php if (isset($seller_histories) && $seller_histories) { ?>
				<?php foreach ($seller_histories as $history) { ?>
					<h4><?php echo $history['seller']; ?></h4>
					<table class="table table-bordered table-hover list">
					<thead>
					<tr>
					<td class="text-left"><?php echo $column_date_added; ?></td>
					<td class="text-left"><?php echo $column_status; ?></td>
					<td class="text-left"><?php echo $column_comment; ?></td>
					</tr>
					</thead>
					<tbody>
					<?php foreach ($history['entries'] as $history) { ?>
						<tr>
						<td class="text-left"><?php echo $history['date_added']; ?></td>
						<td class="text-left"><?php echo $history['status']; ?></td>
						<td class="text-left"><?php echo $history['comment']; ?></td>
						</tr>
					<?php } ?>
					</tbody>
					</table>
				<?php } ?>
				<?php } ?>
			]]></add>
		</operation>

	</file>
	<file path="catalog/view/theme/*/template/account/login.tpl">
		<operation error="log">
			<search><![CDATA[
				<a href="<?php echo $register; ?>" class="btn btn-primary"><?php echo $button_continue; ?></a></div>
			]]></search>
			<add position="replace"><![CDATA[
				<a href="<?php echo $register; ?>" class="btn btn-primary"><?php echo $button_continue; ?></a></div>
				<?php $this->language->load('multiseller/multiseller'); ?>
				<div class="well">
					<h2><?php echo $this->language->get('ms_account_register_new'); ?></h2>
					<p><strong><?php echo $this->language->get('ms_account_register_seller'); ?></strong></p>
					<p><?php echo $this->language->get('ms_account_register_seller_note'); ?></p>
					<a href="<?php echo $this->url->link('account/register-seller', '', 'SSL'); ?>" class="btn btn-primary"><?php echo $button_continue; ?></a>
				</div>
			]]></add>
		</operation>
	</file>
	<file path="catalog/view/theme/*/template/common/header.tpl">
		<operation error="log">
			<search><![CDATA[
				<li><a href="<?php echo $contact; ?>"><i class="fa fa-phone"></i></a> <span class="hidden-xs hidden-sm hidden-md"><?php echo $telephone; ?></span></li>
			]]></search>
			<add position="after"><![CDATA[
				<li class="dropdown"><a href="<?php echo $this->url->link('seller/account-dashboard', '', 'SSL'); ?>" title="<?php echo $ms_account_seller_account; ?>" class="dropdown-toggle" data-toggle="dropdown"><i class="fa fa-users"></i> <span class="hidden-xs hidden-sm hidden-md"><?php echo $ms_account_seller_account; ?></span> <span class="caret"></span></a>
				  <ul class="dropdown-menu dropdown-menu-right">
					<?php if ($ms_seller_created) { ?>
						<?php if ($this->MsLoader->MsSeller->getStatus($this->customer->getId()) == MsSeller::STATUS_ACTIVE) { ?>
							<li><a href="<?php echo $this->url->link('seller/account-dashboard', '', 'SSL'); ?>"><?php echo $ms_account_dashboard; ?></a></li>
						<?php } ?>

						<li><a href= "<?php echo $this->url->link('seller/account-profile', '', 'SSL'); ?>"><?php echo $ms_account_sellerinfo; ?></a></li>
						<?php if ($this->MsLoader->MsSeller->getStatus($this->customer->getId()) == MsSeller::STATUS_ACTIVE) { ?>
						<li><a href= "<?php echo $this->url->link('seller/account-product/create', '', 'SSL'); ?>"><?php echo $ms_account_newproduct; ?></a></li>
						<li><a href= "<?php echo $this->url->link('seller/account-product', '', 'SSL'); ?>"><?php echo $ms_account_products; ?></a></li>
						<li><a href= "<?php echo $this->url->link('seller/account-order', '', 'SSL'); ?>"><?php echo $ms_account_orders; ?></a></li>
						<li><a href= "<?php echo $this->url->link('seller/account-transaction', '', 'SSL'); ?>"><?php echo $ms_account_transactions; ?></a></li>

						<?php if ($this->config->get('msconf_allow_withdrawal_requests')) { ?>
						<li><a href= "<?php echo $this->url->link('seller/account-withdrawal', '', 'SSL'); ?>"><?php echo $ms_account_withdraw; ?></a></li>
						<?php } ?>

						<li><a href= "<?php echo $this->url->link('seller/account-stats', '', 'SSL'); ?>"><?php echo $ms_account_stats; ?></a></li>
						<li><a href="<?php echo $this->url->link('account/logout', '', 'SSL'); ?>"><?php echo $text_logout; ?></a></li>
						<?php } ?>
					<?php } else { ?>
						<li><a href="<?php echo $this->url->link('account/register-seller', '', 'SSL'); ?>"><?php echo $ms_account_register_seller; ?></a></li>
						<li><a href="<?php echo $this->url->link('account/login', '', 'SSL'); ?>"><?php echo $text_login; ?></a></li>
					<?php } ?>
				  </ul>
				</li>
			]]></add>
		</operation>
	</file>
	<file path="catalog/view/theme/*/template/account/account.tpl">
		<operation>
			<search><![CDATA[
				<h2><?php echo $text_my_newsletter; ?></h2>
			]]></search>
			<add position="before"><![CDATA[
				<h2><?php echo $ms_account_seller_account; ?></h2>
					<ul class="list-unstyled ms-sellermenu <?php if ($this->config->get('msconf_graphical_sellermenu')) { ?>graphical<?php } ?>">
						<?php if ($ms_seller_created && $this->MsLoader->MsSeller->getStatus($this->customer->getId()) == MsSeller::STATUS_ACTIVE) { ?>
							<li>
								<a href="<?php echo $this->url->link('seller/account-dashboard', '', 'SSL'); ?>">
									<?php if($this->config->get('msconf_graphical_sellermenu')) { ?>
										<img src="catalog/view/theme/<?php echo $this->config->get('config_template'); ?>/image/ms-graph-96.png" />
									<?php } ?>
									<?php echo $ms_account_dashboard; ?>
								</a>
							</li>
						<?php } ?>

						<li>
							<a href="<?php echo $this->url->link('seller/account-profile', '', 'SSL'); ?>">
								<?php if($this->config->get('msconf_graphical_sellermenu')) { ?>
									<?php if ($ms_seller_created) { ?>
									<img src="catalog/view/theme/<?php echo $this->config->get('config_template'); ?>/image/ms-profile-96.png" />
									<?php } else { ?>
									<img src="catalog/view/theme/<?php echo $this->config->get('config_template'); ?>/image/ms-profile-plus-96.png" />
									<?php } ?>
								<?php } ?>
								<?php echo $ms_seller_created ? $ms_account_sellerinfo : $ms_account_sellerinfo_new; ?>
							</a>
						</li>

						<?php if ( ($ms_seller_created) && ( ($this->MsLoader->MsSeller->getStatus($this->customer->getId()) == MsSeller::STATUS_ACTIVE) || ($this->config->get('msconf_allow_inactive_seller_products')) ) ) { ?>
							<li>
								<a href="<?php echo $this->url->link('seller/account-product/create', '', 'SSL'); ?>">
									<?php if($this->config->get('msconf_graphical_sellermenu')) { ?>
										<img src="catalog/view/theme/<?php echo $this->config->get('config_template'); ?>/image/ms-bag-plus-96.png" />
									<?php } ?>
									<?php echo $ms_account_newproduct; ?>
								</a>
							</li>
							<li>
								<a href="<?php echo $this->url->link('seller/account-product', '', 'SSL'); ?>">
									<?php if($this->config->get('msconf_graphical_sellermenu')) { ?>
										<img src="catalog/view/theme/<?php echo $this->config->get('config_template'); ?>/image/ms-bag-96.png" />
									<?php } ?>
									<?php echo $ms_account_products; ?>
								</a>
							</li>
						<?php } ?>
						<?php if ($ms_seller_created && $this->MsLoader->MsSeller->getStatus($this->customer->getId()) == MsSeller::STATUS_ACTIVE) { ?>
							<li>
								<a href="<?php echo $this->url->link('seller/account-order', '', 'SSL'); ?>">
									<?php if($this->config->get('msconf_graphical_sellermenu')) { ?>
										<img src="catalog/view/theme/<?php echo $this->config->get('config_template'); ?>/image/ms-cart-96.png" />
									<?php } ?>
									<?php echo $ms_account_orders; ?>
								</a>
							</li>
							<li>
								<a href="<?php echo $this->url->link('seller/account-transaction', '', 'SSL'); ?>">
									<?php if($this->config->get('msconf_graphical_sellermenu')) { ?>
										<img src="catalog/view/theme/<?php echo $this->config->get('config_template'); ?>/image/ms-book-96.png" />
									<?php } ?>
									<?php echo $ms_account_transactions; ?>
								</a>
							</li>
							<?php if ($this->config->get('msconf_allow_withdrawal_requests')) { ?>
								<li>
									<a href="<?php echo $this->url->link('seller/account-withdrawal', '', 'SSL'); ?>">
										<?php if($this->config->get('msconf_graphical_sellermenu')) { ?>
											<img src="catalog/view/theme/<?php echo $this->config->get('config_template'); ?>/image/ms-dollar-96.png" />
										<?php } ?>
										<?php echo $ms_account_withdraw; ?>
									</a>
								</li>
							<?php } ?>
								<li>
									<a href="<?php echo $this->url->link('seller/account-stats', '', 'SSL'); ?>">
										<?php if($this->config->get('msconf_graphical_sellermenu')) { ?>
											<img src="catalog/view/theme/<?php echo $this->config->get('config_template'); ?>/image/ms-stats-96.png" />
										<?php } ?>
										<?php echo $ms_account_stats; ?>
									</a>
								</li>
						<?php } ?>
					</ul>
			]]></add>
		</operation>
	</file>
	<file path="catalog/controller/{account,module}/account.php">
		<operation>
			<search><![CDATA[
				public function index() {
			]]></search>
			<add position="after"><![CDATA[
				$data['ms_seller_created'] = $this->MsLoader->MsSeller->isCustomerSeller($this->customer->getId());
				$data = array_merge($this->load->language('multiseller/multiseller'), $data);
			]]></add>
		</operation>
	</file>
	<file path="catalog/view/theme/*/template/module/account.tpl">
		<operation error="log">
			<search><![CDATA[
				<div class="list-group">
			]]></search>
			<add position="after"><![CDATA[
				<span class="list-group-item"><b><?php echo $ms_account_customer_account; ?></b></span>
			]]></add>
		</operation>
		<operation error="log">
			<search index="0"><![CDATA[
			</div>
			]]></search>
			<add position="after"><![CDATA[
				<div class="list-group">
					<span class="list-group-item"><b><?php echo $ms_account_seller_account; ?></b></span>
					<?php if ($ms_seller_created) { ?>
					<?php if ($this->MsLoader->MsSeller->getStatus($this->customer->getId()) == MsSeller::STATUS_ACTIVE) { ?>
						<a class="list-group-item" href="<?php echo $this->url->link('seller/account-dashboard', '', 'SSL'); ?>"><?php echo $ms_account_dashboard; ?></a>
					<?php } ?>

					<a class="list-group-item" href= "<?php echo $this->url->link('seller/account-profile', '', 'SSL'); ?>"><?php echo $ms_account_sellerinfo; ?></a>
				
					<?php if ($this->MsLoader->MsSeller->getStatus($this->customer->getId()) == MsSeller::STATUS_ACTIVE) { ?>
						<a class="list-group-item" href= "<?php echo $this->url->link('seller/account-product/create', '', 'SSL'); ?>"><?php echo $ms_account_newproduct; ?></a>
						<a class="list-group-item" href= "<?php echo $this->url->link('seller/account-product', '', 'SSL'); ?>"><?php echo $ms_account_products; ?></a>
						<a class="list-group-item" href= "<?php echo $this->url->link('seller/account-order', '', 'SSL'); ?>"><?php echo $ms_account_orders; ?></a>
						<a class="list-group-item" href= "<?php echo $this->url->link('seller/account-transaction', '', 'SSL'); ?>"><?php echo $ms_account_transactions; ?></a>
						<?php if ($this->config->get('msconf_allow_withdrawal_requests')) { ?>
						<a class="list-group-item" href= "<?php echo $this->url->link('seller/account-withdrawal', '', 'SSL'); ?>"><?php echo $ms_account_withdraw; ?></a>
						<?php } ?>
						<a class="list-group-item" href= "<?php echo $this->url->link('seller/account-stats', '', 'SSL'); ?>"><?php echo $ms_account_stats; ?></a>
					<?php } ?>
					<?php } else { ?>
						<a class="list-group-item" href="<?php echo $this->url->link('account/login', '', 'SSL'); ?>"><?php echo $text_login; ?></a>
						<a class="list-group-item" href="<?php echo $this->url->link('account/register-seller', '', 'SSL'); ?>"><?php echo $ms_account_register_seller; ?></a>
					<?php } ?>
				</div>
			]]></add>
		</operation>
	</file>
	<file path="catalog/controller/common/seo_url.php">
		<operation error="log">
			<search index="0"><![CDATA[
				if ($query->num_rows) {
			]]></search>
			<add position="before"><![CDATA[
				if ($part == $this->config->get('msconf_sellers_slug') || $part == 'products') {
					continue;
				} else
			]]></add>
		</operation>
		<operation error="log">
			<search><![CDATA[
				&& $url[0] != 'product_id'
			]]></search>
			<add position="replace" trim="true"><![CDATA[
				&& $url[0] != 'product_id' && $url[0] != 'seller_id'
			]]></add>
		</operation>
		<operation error="log">
			<search><![CDATA[
				if ($url[0] == 'information_id') {
			]]></search>
			<add position="before"><![CDATA[
					if ($url[0] == 'seller_id') {
						$this->request->get['seller_id'] = $url[1];
					}
			]]></add>
		</operation>
		<operation error="log">
			<search><![CDATA[
				} elseif (isset($this->request->get['information_id'])) {
			]]></search>
			<add position="before"><![CDATA[
				} elseif (isset($this->request->get['seller_id'])) {
					if (strpos($this->request->get['_route_'], "products") !== FALSE) {
						$this->request->get['route'] = 'seller/catalog-seller/products';
					}
					else {
						$this->request->get['route'] = 'seller/catalog-seller/profile';
					}
				} elseif (strpos($this->request->get['_route_'], $this->config->get('msconf_sellers_slug')) === 0) {
					$this->request->get['route'] = 'seller/catalog-seller';
			]]></add>
		</operation>
		<operation error="log">
			<search><![CDATA[
				($data['route'] == 'information/information' && $key == 'information_id')
			]]></search>
			<add position="replace" trim="true"><![CDATA[
				($data['route'] == 'information/information' && $key == 'information_id') || ($data['route'] == 'seller/catalog-seller/profile' && $key == 'seller_id') || ($data['route'] == 'seller/catalog-seller/products' && $key == 'seller_id')
			]]></add>
		</operation>
		<operation error="log">
			<search><![CDATA[
				if (isset($data['route'])) {
			]]></search>
			<add position="after"><![CDATA[
				if ($data['route'] == 'seller/catalog-seller') {
					$url .= '/' . $this->config->get('msconf_sellers_slug') . '/';
				}
			]]></add>
		</operation>
		<operation error="log">
			<search index="0"><![CDATA[
				$url .= '/' . $query->row['keyword'];
			]]></search>
			<add position="replace"><![CDATA[
				if ($data['route'] == 'seller/catalog-seller/profile') {
					$url .= '/' . $this->config->get('msconf_sellers_slug') . '/' . $query->row['keyword'];
				}
				else if ($data['route'] == 'seller/catalog-seller/products') {
					$url .= '/' . $this->config->get('msconf_sellers_slug') . '/' . $query->row['keyword'] . '/products/';
				}
				else {
					$url .= '/' . $query->row['keyword'];
				}
			]]></add>
		</operation>
	</file>
	<file path="catalog/model/checkout/order.php">
		<operation>
			<search><![CDATA[
				$this->event->trigger('post.order.add', $order_id);
			]]></search>
			<add position="before"><![CDATA[
				// create MM orderdata entries (on order creation only!!)
				$this->language->load('multiseller/multiseller');
				$ms_order_product_query = $this->db->query("SELECT * FROM " . DB_PREFIX . "order_product WHERE order_id = '" . (int)$order_id . "'");

				$sellers = array();
				foreach ($ms_order_product_query->rows as $order_product) {
					$seller_id = $this->MsLoader->MsProduct->getSellerId($order_product['product_id']);
					if (!$seller_id) continue; else $sellers[$seller_id] = $seller_id;
					if ($order_product['total'] > 0) {
						$commissions = $this->MsLoader->MsCommission->calculateCommission(array('seller_id' => $seller_id));
						$store_commission_flat = $commissions[MsCommission::RATE_SALE]['flat'];
						$store_commission_pct = $order_product['total'] * $commissions[MsCommission::RATE_SALE]['percent'] / 100;
						$seller_net_amt = $order_product['total'] - ($store_commission_flat + $store_commission_pct);
					} else {
						$store_commission_flat = $store_commission_pct = $seller_net_amt = 0;
					}
					$order_data = $this->MsLoader->MsOrderData->getOrderData(
						array(
							'product_id' => $order_product['product_id'],
							'order_id' => $order_product['order_id'],
						)
					);
					if (!$order_data) {
						$this->MsLoader->MsOrderData->addOrderProductData(
							$order_product['order_id'],
							$order_product['product_id'],
							array(
								'seller_id' => $seller_id,
								'store_commission_flat' => $store_commission_flat,
								'store_commission_pct' => $store_commission_pct,
								'seller_net_amt' => $seller_net_amt,
								'order_status_id' => 0
							)
						);
					}
				}
				foreach ($sellers as $seller_id) {
					$this->MsLoader->MsOrderData->createSuborder(array(
						'order_id' => $order_id,
						'seller_id' => $seller_id,
						'order_status_id' => 0
					));
					$suborder_id = $this->db->getLastId();

					$this->MsLoader->MsOrderData->addSuborderHistory(array(
						'suborder_id' => $suborder_id,
						'order_status_id' => 0,
						'comment' => $this->language->get('ms_transaction_order_created')
					));
				}
			]]></add>
		</operation>
		<operation>
			<search><![CDATA[
				$this->db->query("UPDATE `" . DB_PREFIX . "order` SET order_status_id = '" . (int)$order_status_id . "', date_modified = NOW() WHERE order_id = '" . (int)$order_id . "'");
			]]></search>
			<add position="after"><![CDATA[
				// order status is changed
				$this->language->load('multiseller/multiseller');
				$ms_order_product_query = $this->db->query("SELECT * FROM " . DB_PREFIX . "order_product WHERE order_id = '" . (int)$order_id . "'");

				// order completed
				if (in_array($order_status_id, $this->config->get('msconf_credit_order_statuses'))) {
					$sendmail = false;
					foreach ($ms_order_product_query->rows as $order_product) {
						$this->db->query("UPDATE " . DB_PREFIX . "ms_product SET number_sold  = (number_sold + " . (int)$order_product['quantity'] . ") WHERE product_id = '" . (int)$order_product['product_id'] . "'");
						$seller_id = $this->MsLoader->MsProduct->getSellerId($order_product['product_id']);
						if (!$seller_id) continue;
						$payment = $this->MsLoader->MsPayment->getPayments(array(
							'order_id' => $order_id,
							'seller_id' => $seller_id,
							'payment_type' => array(MsPayment::TYPE_SALE),
							'payment_status' => array(MsPayment::STATUS_PAID),
							'single' => 1
						));
						if ($payment) {
							$sendmail = true;
							continue;
						}
						$balance_entry = $this->MsLoader->MsBalance->getBalanceEntry(
							array(
								'seller_id' => $seller_id,
								'product_id' => $order_product['product_id'],
								'order_id' => $order_id,
								'balance_type' => MsBalance::MS_BALANCE_TYPE_SALE
							)
						);
						
						if (!$balance_entry) {
							$order_data = $this->MsLoader->MsOrderData->getOrderData(
								array(
									'product_id' => $order_product['product_id'],
									'order_id' => $order_product['order_id'],
									'single' => 1
								)
							);

							$this->MsLoader->MsBalance->addBalanceEntry(
								$seller_id,
								array(
									'order_id' => $order_product['order_id'],
									'product_id' => $order_product['product_id'],
									'balance_type' => MsBalance::MS_BALANCE_TYPE_SALE,
									'amount' => $order_data['seller_net_amt'],
									'description' => sprintf($this->language->get('ms_transaction_sale'),  ($order_product['quantity'] > 1 ? $order_product['quantity'] . ' x ' : '')  . $order_product['name'], $this->currency->format($order_data['store_commission_flat'] + $order_data['store_commission_pct'], $this->config->get('config_currency')))
								)
							);
							$sendmail = true;
						} else {
							// send order status change mails
						}
					}
					if ($sendmail) $this->MsLoader->MsMail->sendOrderMails($order_id);
				} else if (in_array($order_status_id, $this->config->get('msconf_debit_order_statuses'))) {
				// order refunded
				$sendmail = false;
				foreach ($ms_order_product_query->rows as $order_product) {
					// decrement sold counter
					$this->db->query("UPDATE " . DB_PREFIX . "ms_product SET number_sold  = (number_sold - " . (int)$order_product['quantity'] . ") WHERE product_id = '" . (int)$order_product['product_id'] . "'");
				
					$seller_id = $this->MsLoader->MsProduct->getSellerId($order_product['product_id']);
					if (!$seller_id) continue;
					$refund_balance_entry = $this->MsLoader->MsBalance->getBalanceEntry(
						array(
							'seller_id' => $seller_id,
							'product_id' => $order_product['product_id'],
							'order_id' => $order_id,
							'balance_type' => MsBalance::MS_BALANCE_TYPE_REFUND
						)
					);
					if (!$refund_balance_entry) {
						$balance_entry = $this->MsLoader->MsBalance->getBalanceEntry(
							array(
								'seller_id' => $seller_id,
								'product_id' => $order_product['product_id'],
								'order_id' => $order_id,
								'balance_type' => MsBalance::MS_BALANCE_TYPE_SALE
							)
						);
				
						if ($balance_entry) {
							$this->MsLoader->MsBalance->addBalanceEntry(
								$balance_entry['seller_id'],
								array(
									'order_id' => $balance_entry['order_id'],
									'product_id' => $balance_entry['product_id'],
									'balance_type' => MsBalance::MS_BALANCE_TYPE_REFUND,
									'amount' => -1 * $balance_entry['amount'],
									'description' => sprintf($this->language->get('ms_transaction_refund'),  ($order_product['quantity'] > 1 ? $order_product['quantity'] . ' x ' : '')  . $order_product['name'])
								)
							);
							
							// todo send refund mails
							// $this->MsLoader->MsMail->sendOrderMails($order_id);
						} else {
							// send order status change mails
						}
					}
				}
				}
			]]></add>
		</operation>
	</file>

</modification>